# redirect from                          to
/guides/send-money/onboarding.html    /guides/send-money/create-a-customer
/guides/send-money/add-funding-source.html    /guides/send-money/add-funding-source
/guides/send-money/retrieve-funding-sources.html    /guides/send-money/retreive-funding-source
/guides/send-money/create-transfer.html    /guides/send-money/create-transfer
/guides/receive-money/onboarding.html    /guides/receive-money/create-a-customer
/guides/receive-money/add-funding-source.html    /guides/receive-money/add-funding-source
/guides/receive-money/retrieve-funding-sources.html    /guides/receive-money/retrieve-funding-sources
/guides/receive-money/check-transfer.html    /guides/receive-money/create-transfer
/guides/transfer-money-between-users/obtain-access-token.html    /guides/transfer-money-between-users
/guides/transfer-money-between-users/create-verified-customer.html    /guides/transfer-money-between-users/create-verified-customer
/guides/transfer-money-between-users/attach-unverified-bank.html    /guides/transfer-money-between-users/create-unverified-funding-source
/guides/transfer-money-between-users/create-unverified-customer.html    /guides/transfer-money-between-users/create-unverified-customer
/guides/transfer-money-between-users/attach-verified-bank.html    /guides/transfer-money-between-users/create-verified-funding-source
/guides/transfer-money-between-users/create-transfer.html    /guides/transfer-money-between-users/create-transfer
/guides/transfer-money-between-users/check-transfer.html    /guides/transfer-money-between-users/create-transfer
/guides/me-to-me/    /guides/transfer-money-me-to-me
/guides/me-to-me/onboarding.html    /guides/transfer-money-me-to-me/create-a-customer
/guides/me-to-me/add-funding-source.html    /guides/transfer-money-me-to-me/add-funding-sources
/guides/me-to-me/retrieve-funding-sources.html    /guides/transfer-money-me-to-me/retrieve-funding-sources
/guides/me-to-me/create-transfer.html    /guides/transfer-money-me-to-me/create-transfer
/guides/auth/client-credentials-flow.html    /guides/auth/client-credentials-flow
/guides/auth/using-an-access-token.html    /guides/auth/using-an-access-token
/guides/sandbox-setup/    /guides/sandbox
/guides/webhooks/obtain-authorization.html    /guides/webhooks
/guides/webhooks/create-subscription.html    /guides/webhooks/create-subscription
/guides/webhooks/validating-webhooks.html    /guides/webhooks/process-validate
/guides/webhooks/process-webhooks.html    /guides/webhooks/process-validate
/guides/webhooks/process-webhooks    /guides/webhooks/process-validate
/guides/webhooks/validating-webhooks    /guides/webhooks/process-validate
/resources/personal-verified-customer.html    /guides/personal-verified-customer
/resources/personal-verified-customer/create-personal-verified-customers.html    /guides/personal-verified-customer/create-a-customer
/resources/personal-verified-customer/handling-verification-statuses-personal.html    /guides/personal-verified-customer/handle-verification-statuses
/resources/personal-verified-customer/frequently-asked-questions.html    /guides/personal-verified-customer/frequently-asked-questions
/resources/business-verified-customer.html    /guides/business-verified-customer
/resources/business-verified-customer/create-business-verified-customers.html    /guides/business-verified-customer/create-a-customer
/resources/business-verified-customer/handling-controller-and-customer-statuses.html    /guides/business-verified-customer/handle-verification-statuses
/resources/business-verified-customer/adding-beneficial-owners.html    /guides/business-verified-customer/add-beneficial-owners
/resources/business-verified-customer/handling-beneficial-owner-certification.html    /guides/business-verified-customer/certify-beneficial-ownership
/resources/business-verified-customer/frequently-asked-questions.html    /guides/business-verified-customer/frequently-asked-questions
/resources/funding-source-verification/micro-deposit-verification.html    /guides/micro-deposit-verification
/resources/dwolla-js.html    /guides/dwolla-js/add-a-bank-account
/resources/dwolla-js/add-a-bank-account.html    /guides/dwolla-js/add-a-bank-account
/resources/funding-source-verification/instant-account-verification.html    /concepts/bank-funding-source#bank-account-types
/resources/dwolla-js/instant-account-verification.html    /concepts/bank-funding-source#bank-account-types
/resources/dwolla-js/on-demand-bank-transfers.html    /concepts/bank-funding-source#bank-account-types
/resources/dwolla-plaid-integration.html    /guides/plaid
/resources/testing.html    /guides/sandbox
/resources/    /concepts
/resources/account-types.html    /concepts/customer-types
/resources/customer-verification.html    /concepts/customer-types
/resources/customer-verification/handling-verification-statuses.html    /concepts/customer-types
/resources/funding-source-verification.html    /concepts/bank-funding-source#bank-account-types
/resources/balance-funding-source.html    /concepts/balance-funding-source
/resources/bank-transfer-workflow/processing-times.html    /concepts/transfer-processing-times
/resources/same-day-ach.html    /concepts/same-day-ach
/resources/bank-transfer-workflow/transfer-failures.html    /concepts/transfer-failures
/resources/webhook-events.html    /concepts/webhook-events
/resources/operational-notifications.html    /concepts/operational-notifications
/resources/facilitator-fee.html    /concepts/facilitator-fee
/resources/bank-transfer-workflow.html    /concepts/transfer-processing-times
/resources/dwolla-sift-science-integration.html    /concepts/sift
/resources/changelog.html    /changelog
/pages/sdks.html    /sdks-tools

# Developer Portal Update (2023)
/    /docs
/guides/auth/client-credentials-flow    /docs/balance/auth/client-credentials-flow
/guides/auth    /docs/balance/auth
/guides/auth/using-an-access-token    /docs/balance/auth/using-an-access-token
/concepts/balance-funding-source    /docs/balance/balance-funding-source
/concepts/bank-funding-source    /docs/balance/bank-funding-source
/guides/business-verified-customer/add-beneficial-owners    /docs/balance/business-verified-customer/add-beneficial-owners
/guides/business-verified-customer/certify-beneficial-ownership    /docs/balance/business-verified-customer/certify-beneficial-ownership
/guides/business-verified-customer/create-a-customer    /docs/balance/business-verified-customer/create-a-customer
/guides/business-verified-customer/frequently-asked-questions    /docs/balance/business-verified-customer/frequently-asked-questions
/guides/business-verified-customer/handle-verification-statuses    /docs/balance/business-verified-customer/handle-verification-statuses
/guides/business-verified-customer    /docs/balance/business-verified-customer
/concepts/customer-types    /docs/balance/customer-types
/concepts/facilitator-fee    /docs/balance/facilitator-fee
/guides/micro-deposit-verification    /docs/balance/micro-deposit-verification
/guides/micro-deposit-verification/initiate-micro-deposits    /docs/balance/micro-deposit-verification/initiate-micro-deposits
/guides/micro-deposit-verification/verify-micro-deposits    /docs/balance/micro-deposit-verification/verify-micro-deposits
/concepts/operational-notifications    /docs/balance/operational-notifications
/guides/personal-verified-customer/create-a-customer    /docs/balance/personal-verified-customer/create-a-customer
/guides/personal-verified-customer/frequently-asked-questions    /docs/balance/personal-verified-customer/frequently-asked-questions
/guides/personal-verified-customer/handle-verification-statuses    /docs/balance/personal-verified-customer/handle-verification-statuses
/guides/personal-verified-customer    /docs/balance/personal-verified-customer
/guides/plaid/create-funding-source    /docs/balance/plaid/create-funding-source
/guides/plaid/frequently-asked-questions    /docs/balance/plaid/frequently-asked-questions
/guides/plaid/generate-processor-token    /docs/balance/plaid/generate-processor-token
/guides/plaid    /docs/balance/plaid
/concepts/real-time-payments    /docs/balance/real-time-payments
/guides/receive-money/add-funding-source    /docs/balance/receive-money/add-funding-source
/guides/receive-money/create-a-customer    /docs/balance/receive-money/create-a-customer
/guides/receive-money/create-transfer    /docs/balance/receive-money/create-transfer
/guides/receive-money    /docs/balance/receive-money
/guides/receive-money/retrieve-funding-sources    /docs/balance/receive-money/retrieve-funding-sources
/concepts/same-day-ach    /docs/balance/same-day-ach
/concepts/secure-exchange    /docs/balance/secure-exchange
/guides/send-money/add-funding-source    /docs/balance/send-money/add-funding-source
/guides/send-money/create-a-customer    /docs/balance/send-money/create-a-customer
/guides/send-money/create-transfer    /docs/balance/send-money/create-transfer
/guides/send-money    /docs/balance/send-money
/guides/send-money/retrieve-funding-sources    /docs/balance/send-money/retrieve-funding-sources
/concepts/sift    /docs/balance/sift
/guides/sandbox/customers    /docs/balance/testing/customers
/guides/sandbox/funding-sources    /docs/balance/testing/funding-sources
/guides/sandbox    /docs/balance/testing
/guides/sandbox/transfers    /docs/balance/testing/transfers
/concepts/transfer-failures    /docs/balance/transfer-failures
/concepts/transfer-lifecycle    /docs/balance/transfer-lifecycle
/guides/transfer-money-between-users/create-transfer    /docs/balance/transfer-money-between-users/create-transfer
/guides/transfer-money-between-users/create-unverified-customer    /docs/balance/transfer-money-between-users/create-unverified-customer
/guides/transfer-money-between-users/create-unverified-funding-source    /docs/balance/transfer-money-between-users/create-unverified-funding-source
/guides/transfer-money-between-users/create-verified-customer    /docs/balance/transfer-money-between-users/create-verified-customer
/guides/transfer-money-between-users/create-verified-funding-source    /docs/balance/transfer-money-between-users/create-verified-funding-source
/guides/transfer-money-between-users    /docs/balance/transfer-money-between-users
/guides/transfer-money-me-to-me/add-funding-sources    /docs/balance/transfer-money-me-to-me/add-funding-sources
/guides/transfer-money-me-to-me/create-a-customer    /docs/balance/transfer-money-me-to-me/create-a-customer
/guides/transfer-money-me-to-me/create-transfer    /docs/balance/transfer-money-me-to-me/create-transfer
/guides/transfer-money-me-to-me    /docs/balance/transfer-money-me-to-me
/guides/transfer-money-me-to-me/retrieve-funding-sources    /docs/balance/transfer-money-me-to-me/retrieve-funding-sources
/concepts/transfer-processing-times    /docs/balance/transfer-processing-times
/concepts/virtual-account-numbers    /docs/balance/virtual-account-numbers
/concepts/webhook-events    /docs/balance/webhook-events
/guides/webhooks/create-subscription    /docs/balance/webhooks/create-subscription
/guides/webhooks/frequently-asked-questions    /docs/balance/webhooks/frequently-asked-questions
/guides/webhooks    /docs/balance/webhooks
/guides/webhooks/process-validate    /docs/balance/webhooks/process-validate
/concepts/drop-in-components    /docs/balance/drop-in-components
/guides/drop-ins/generate-client-token    /docs/balance/drop-ins/generate-client-token
/guides/drop-ins    /docs/balance/drop-ins
/guides/drop-ins/setup-and-configuration    /docs/balance/drop-ins/setup-and-configuration
/guides/drop-ins/using-drop-in-components    /docs/balance/drop-ins/using-drop-in-components
/guides/dwolla-js/add-a-bank-account/configure-and-call-function    /docs/balance/dwolla-js/configure-and-call-function
/guides/dwolla-js/add-a-bank-account/create-form    /docs/balance/dwolla-js/create-form
/guides/dwolla-js/add-a-bank-account/create-token    /docs/balance/dwolla-js/create-token
/guides/dwolla-js/add-a-bank-account/handle-response    /docs/balance/dwolla-js/handle-response
/guides/dwolla-js/add-a-bank-account    /docs/balance/dwolla-js

/docs/drop-in-components /docs/balance/drop-in-components
/docs/drop-ins/generate-client-token /docs/balance/drop-ins/generate-client-token
/docs/drop-ins /docs/balance/drop-ins
/docs/drop-ins/setup-and-configuration /docs/balance/drop-ins/setup-and-configuration
/docs/drop-ins/using-drop-in-components /docs/balance/drop-ins/using-drop-in-components
/docs/dwolla-js/configure-and-call-function /docs/balance/dwolla-js/configure-and-call-function
/docs/dwolla-js/create-form /docs/balance/dwolla-js/create-form
/docs/dwolla-js/create-token /docs/balance/dwolla-js/create-token
/docs/dwolla-js/handle-response /docs/balance/dwolla-js/handle-response
/docs/dwolla-js /docs/balance/dwolla-js

/guides    /docs/balance
/docs/balance/plaid    /docs/balance/create-funding-source-plaid
/docs/balance/plaid/generate-processor-token    /docs/balance/create-funding-source-plaid
/docs/balance/plaid/create-funding-source    /docs/balance/create-funding-source-plaid
/docs/balance/plaid/frequently-asked-questions    /docs/balance/create-funding-source-plaid

# Developer Portal Update (2024)
/api-reference/accounts/create-a-funding-source    /docs/balance/api-reference/accounts/create-a-funding-source
/api-reference/accounts    /docs/balance/api-reference/accounts
/api-reference/accounts/list-and-search-transfers    /docs/balance/api-reference/accounts/list-and-search-transfers
/api-reference/accounts/list-funding-sources    /docs/balance/api-reference/accounts/list-funding-sources
/api-reference/accounts/list-masspayments    /docs/balance/api-reference/accounts/list-masspayments
/api-reference/accounts/retrieve    /docs/balance/api-reference/accounts/retrieve
/api-reference/authorization/application-authorization    /docs/balance/api-reference/authorization/application-authorization
/api-reference/authorization    /docs/balance/api-reference/authorization
/api-reference/beneficial-owners/certify-beneficial-ownership    /docs/balance/api-reference/beneficial-owners/certify-beneficial-ownership
/api-reference/beneficial-owners/create    /docs/balance/api-reference/beneficial-owners/create
/api-reference/beneficial-owners    /docs/balance/api-reference/beneficial-owners
/api-reference/beneficial-owners/list    /docs/balance/api-reference/beneficial-owners/list
/api-reference/beneficial-owners/remove    /docs/balance/api-reference/beneficial-owners/remove
/api-reference/beneficial-owners/retrieve-beneficial-ownership-status    /docs/balance/api-reference/beneficial-owners/retrieve-beneficial-ownership-status
/api-reference/beneficial-owners/retrieve    /docs/balance/api-reference/beneficial-owners/retrieve
/api-reference/beneficial-owners/update    /docs/balance/api-reference/beneficial-owners/update
/api-reference/customers/create    /docs/balance/api-reference/customers/create
/api-reference/customers    /docs/balance/api-reference/customers
/api-reference/customers/list-and-search    /docs/balance/api-reference/customers/list-and-search
/api-reference/customers/list-business-classifications    /docs/balance/api-reference/customers/list-business-classifications
/api-reference/customers/retrieve-business-classification    /docs/balance/api-reference/customers/retrieve-business-classification
/api-reference/customers/retrieve    /docs/balance/api-reference/customers/retrieve
/api-reference/customers/update    /docs/balance/api-reference/customers/update
/api-reference/documents/create-document-for-beneficial-owner    /docs/balance/api-reference/documents/create-document-for-beneficial-owner
/api-reference/documents/create-document-for-customer    /docs/balance/api-reference/documents/create-document-for-customer
/api-reference/documents    /docs/balance/api-reference/documents
/api-reference/documents/list-documents-for-beneficial-owner    /docs/balance/api-reference/documents/list-documents-for-beneficial-owner
/api-reference/documents/list-documents-for-customer    /docs/balance/api-reference/documents/list-documents-for-customer
/api-reference/documents/retrieve    /docs/balance/api-reference/documents/retrieve
/api-reference/drop-in-components/create-client-token    /docs/balance/api-reference/drop-in-components/create-client-token
/api-reference/drop-in-components    /docs/balance/api-reference/drop-in-components
/api-reference/events    /docs/balance/api-reference/events
/api-reference/events/list    /docs/balance/api-reference/events/list
/api-reference/events/retrieve    /docs/balance/api-reference/events/retrieve
/api-reference/exchanges/create-exchange-for-a-customer    /docs/balance/api-reference/exchanges/create-exchange-for-a-customer
/api-reference/exchanges/create-exchange-for-an-account    /docs/balance/api-reference/exchanges/create-exchange-for-an-account
/api-reference/exchanges    /docs/balance/api-reference/exchanges
/api-reference/exchanges/list-exchange-partners    /docs/balance/api-reference/exchanges/list-exchange-partners
/api-reference/exchanges/list-exchanges-for-a-customer    /docs/balance/api-reference/exchanges/list-exchanges-for-a-customer
/api-reference/exchanges/list-exchanges-for-an-account    /docs/balance/api-reference/exchanges/list-exchanges-for-an-account
/api-reference/exchanges/retrieve-an-exchange-partner    /docs/balance/api-reference/exchanges/retrieve-an-exchange-partner
/api-reference/exchanges/retrieve-an-exchange    /docs/balance/api-reference/exchanges/retrieve-an-exchange
/api-reference/funding-sources/create-a-funding-sources-token-for-dwolla-js    /docs/balance/api-reference/funding-sources/create-a-funding-sources-token-for-dwolla-js
/api-reference/funding-sources/create-funding-source-for-customer    /docs/balance/api-reference/funding-sources/create-funding-source-for-customer
/api-reference/funding-sources    /docs/balance/api-reference/funding-sources
/api-reference/funding-sources/initiate-micro-deposits    /docs/balance/api-reference/funding-sources/initiate-micro-deposits
/api-reference/funding-sources/list-funding-sources-for-a-customer    /docs/balance/api-reference/funding-sources/list-funding-sources-for-a-customer
/api-reference/funding-sources/remove    /docs/balance/api-reference/funding-sources/remove
/api-reference/funding-sources/retrieve-a-van-account-and-routing-number    /docs/balance/api-reference/funding-sources/retrieve-a-van-account-and-routing-number
/api-reference/funding-sources/retrieve-funding-source-balance    /docs/balance/api-reference/funding-sources/retrieve-funding-source-balance
/api-reference/funding-sources/retrieve-micro-deposits-details    /docs/balance/api-reference/funding-sources/retrieve-micro-deposits-details
/api-reference/funding-sources/retrieve    /docs/balance/api-reference/funding-sources/retrieve
/api-reference/funding-sources/update    /docs/balance/api-reference/funding-sources/update
/api-reference/funding-sources/verify-micro-deposits    /docs/balance/api-reference/funding-sources/verify-micro-deposits
/api-reference    /docs/balance/api-reference
/api-reference/connect    /docs/connect/api-reference
/api-reference/connect/accounts    /docs/connect/api-reference/accounts
/api-reference/connect/accounts/retrieve    /docs/connect/api-reference/accounts/retrieve
/api-reference/connect/authorization    /docs/connect/api-reference/authorization
/api-reference/connect/authorization/application-authorization    /docs/connect/api-reference/authorization/application-authorization
/api-reference/connect/events    /docs/connect/api-reference/webhook-subscriptions
/api-reference/connect/exchanges    /docs/connect/api-reference/exchanges
/api-reference/connect/exchanges/list-exchange-partners    /docs/connect/api-reference/exchanges/list-exchange-partners
/api-reference/connect/exchanges/retrieve-an-exchange-partner    /docs/connect/api-reference/exchanges/retrieve-an-exchange-partner
/api-reference/connect/exchanges/create-exchange-for-an-account    /docs/connect/api-reference/exchanges/create-exchange-for-an-account
/api-reference/connect/exchanges/create-exchange-for-an-external-party    /docs/connect/api-reference/exchanges/create-exchange-for-an-external-party
/api-reference/connect/exchanges/retrieve-an-exchange    /docs/connect/api-reference/exchanges/retrieve-an-exchange
/api-reference/connect/exchanges/list-exchanges-for-an-external-party    /docs/connect/api-reference/exchanges/list-exchanges-for-an-external-party
/api-reference/connect/exchanges/list-exchanges-for-an-account    /docs/connect/api-reference/exchanges/list-exchanges-for-an-account
/api-reference/connect/external-parties    /docs/connect/api-reference/external-parties
/api-reference/connect/external-parties/create    /docs/connect/api-reference/external-parties/create
/api-reference/connect/external-parties/retrieve    /docs/connect/api-reference/external-parties/retrieve
/api-reference/connect/external-parties/list-and-search    /docs/connect/api-reference/external-parties/list-and-search

/api-reference/connect/funding-sources    /docs/connect/api-reference/funding-sources
/api-reference/connect/funding-sources/create-for-account    /docs/connect/api-reference/funding-sources/create-for-account
/api-reference/connect/funding-sources/create-for-external-party    /docs/connect/api-reference/funding-sources/create-for-external-party
/api-reference/connect/funding-sources/retrieve    /docs/connect/api-reference/funding-sources/retrieve
/api-reference/connect/funding-sources/list-for-account    /docs/connect/api-reference/funding-sources/list-for-account
/api-reference/connect/funding-sources/list-for-external-party    /docs/connect/api-reference/funding-sources/list-for-external-party
/api-reference/connect/funding-sources/remove    /docs/connect/api-reference/funding-sources/remove
/api-reference/connect/root    /docs/connect/api-reference/root
/api-reference/connect/transfers    /docs/connect/api-reference/transfers
/api-reference/connect/transfers/initiate    /docs/connect/api-reference/transfers/initiate
/api-reference/connect/transfers/retrieve    /docs/connect/api-reference/transfers/retrieve
/api-reference/connect/transfers/list-and-search-for-account    /docs/connect/api-reference/transfers/list-and-search-for-account
/api-reference/connect/transfers/list-and-search-for-external-party    /docs/connect/api-reference/transfers/list-and-search-for-external-party
/api-reference/connect/webhook-subscriptions    /docs/connect/api-reference/webhook-subscriptions
/api-reference/connect/webhook-subscriptions/create    /docs/connect/api-reference/webhook-subscriptions/create
/api-reference/connect/webhook-subscriptions/retrieve    /docs/connect/api-reference/webhook-subscriptions/retrieve
/api-reference/connect/webhook-subscriptions/list    /docs/connect/api-reference/webhook-subscriptions/list
/api-reference/connect/webhook-subscriptions/list-webhooks     /docs/connect/api-reference/webhook-subscriptions/list-webhooks
/api-reference/connect/webhook-subscriptions/update    /docs/connect/api-reference/webhook-subscriptions/delete
/api-reference/connect/webhooks    /docs/connect/api-reference/webhooks
/api-reference/connect/webhooks/retry    /docs/connect/api-reference/webhooks
/api-reference/kba    /docs/balance/api-reference/kba
/api-reference/kba/initiate-kba-session    /docs/balance/api-reference/kba/initiate-kba-session
/api-reference/kba/retrieve-kba-questions    /docs/balance/api-reference/kba/retrieve-kba-questions
/api-reference/kba/verify-kba-questions    /docs/balance/api-reference/kba/verify-kba-questions
/api-reference/labels/create-a-label-ledger-entry    /docs/balance/api-reference/labels/create-a-label-ledger-entry
/api-reference/labels/create-a-label-reallocation    /docs/balance/api-reference/labels/create-a-label-reallocation
/api-reference/labels/create    /docs/balance/api-reference/labels/create
/api-reference/labels    /docs/balance/api-reference/labels
/api-reference/labels/list-label-ledger-entries    /docs/balance/api-reference/labels/list-label-ledger-entries
/api-reference/labels/list-labels-for-a-customer    /docs/balance/api-reference/labels/list-labels-for-a-customer
/api-reference/labels/remove    /docs/balance/api-reference/labels/remove
/api-reference/labels/retrieve-a-label-ledger-entry    /docs/balance/api-reference/labels/retrieve-a-label-ledger-entry
/api-reference/labels/retrieve-a-label-reallocation    /docs/balance/api-reference/labels/retrieve-a-label-reallocation
/api-reference/labels/retrieve    /docs/balance/api-reference/labels/retrieve
/api-reference/mass-payments    /docs/balance/api-reference/mass-payments
/api-reference/mass-payments/initiate    /docs/balance/api-reference/mass-payments/initiate
/api-reference/mass-payments/list-items    /docs/balance/api-reference/mass-payments/list-items
/api-reference/mass-payments/list-mass-payments-for-a-customer    /docs/balance/api-reference/mass-payments/list-mass-payments-for-a-customer
/api-reference/mass-payments/retrieve-an-item    /docs/balance/api-reference/mass-payments/retrieve-an-item
/api-reference/mass-payments/retrieve    /docs/balance/api-reference/mass-payments/retrieve
/api-reference/mass-payments/update    /docs/balance/api-reference/mass-payments/update
/api-reference/root    /docs/balance/api-reference/root
/api-reference/sdks/c-sharp    /docs/balance/api-reference/sdks/c-sharp
/api-reference/sdks    /docs/balance/api-reference/sdks
/api-reference/sdks/kotlin    /docs/balance/api-reference/sdks/kotlin
/api-reference/sdks/node-js    /docs/balance/api-reference/sdks/node-js
/api-reference/sdks/php    /docs/balance/api-reference/sdks/php
/api-reference/sdks/python    /docs/balance/api-reference/sdks/python
/api-reference/sdks/ruby    /docs/balance/api-reference/sdks/ruby
/api-reference/transfers/cancel    /docs/balance/api-reference/transfers/cancel
/api-reference/transfers/create-an-on-demand-transfer-authorization    /docs/balance/api-reference/transfers/create-an-on-demand-transfer-authorization
/api-reference/transfers    /docs/balance/api-reference/transfers
/api-reference/transfers/initiate    /docs/balance/api-reference/transfers/initiate
/api-reference/transfers/list-and-search-transfers-for-a-customer    /docs/balance/api-reference/transfers/list-and-search-transfers-for-a-customer
/api-reference/transfers/list-fees-for-a-transfer    /docs/balance/api-reference/transfers/list-fees-for-a-transfer
/api-reference/transfers/retrieve-a-transfer-failure-reason    /docs/balance/api-reference/transfers/retrieve-a-transfer-failure-reason
/api-reference/transfers/retrieve    /docs/balance/api-reference/transfers/retrieve
/api-reference/webhook-subscriptions/create    /docs/balance/api-reference/webhook-subscriptions/create
/api-reference/webhook-subscriptions/delete    /docs/balance/api-reference/webhook-subscriptions/delete
/api-reference/webhook-subscriptions    /docs/balance/api-reference/webhook-subscriptions
/api-reference/webhook-subscriptions/list-webhooks    /docs/balance/api-reference/webhook-subscriptions/list-webhooks
/api-reference/webhook-subscriptions/list    /docs/balance/api-reference/webhook-subscriptions/list
/api-reference/webhook-subscriptions/retrieve    /docs/balance/api-reference/webhook-subscriptions/retrieve
/api-reference/webhook-subscriptions/update    /docs/balance/api-reference/webhook-subscriptions/update
/api-reference/webhooks    /docs/balance/api-reference/webhooks
/api-reference/webhooks/list-retries    /docs/balance/api-reference/webhooks/list-retries
/api-reference/webhooks/retrieve    /docs/balance/api-reference/webhooks/retrieve
/api-reference/webhooks/retry    /docs/balance/api-reference/webhooks/retry
/docs/balance/connect/process-validate    /docs/connect/webhooks/process-validate
/docs/balance/drop-in-components    /docs/drop-in-components/drop-ins
/docs/balance/drop-ins/using-drop-in-components    /docs/drop-in-components/drop-ins/using-drop-in-components
/docs/balance/drop-ins/generate-client-token    /docs/drop-in-components/drop-ins/generate-client-token
/docs/balance/drop-ins/setup-and-configuration    /docs/drop-in-components/drop-ins/setup-and-configuration
/docs/balance/drop-ins    /docs/drop-in-components
